1,1,,210.15,package,low,,,San Francisco CA 94121 Bashford 830 1,,
2,2,,134.43,package,medium,,,Huntington WV 25775 Quincy 518 ,,
3,3,,359.47,package,high,,,Topeka KS 66642 Brown 9829 ,,
4,4,,363.9,envelope,high,,,Reno NV 89505 Melrose 49366 ,,
5,5,,60.59,package,low,,,Jacksonville FL 32215 Washington 96 ,,
6,6,,279.84,package,low,,,Detroit MI 48232 Glendale 605 ,,
7,7,,49.64,envelope,high,,,East Saint Louis IL 62205 Johnson 51093 ,,
8,8,,81.19,package,high,,,Tucson AZ 85720 Veith 29 101,,
9,9,,30.13,envelope,low,,,Bridgeport CT 06673 Summer Ridge 289 ,,
10,10,,31.33,package,medium,,,Clearwater FL 34620 Chive 698 ,,
11,11,,50.79,package,low,,,Newark NJ 07195 Tony 23 ,,
12,12,,143.99,envelope,high,,,Rochester NY 14619 Kropf 05 ,,
13,13,,94.42,envelope,low,,,Erie PA 16534 Loftsgordon 5900 ,,
14,14,,190.02,envelope,medium,,,Alhambra CA 91841 Lotheville 70268 ,,
15,15,,271.97,package,high,,,Shreveport LA 71130 Leroy 61198 ,,
16,16,,359.98,envelope,low,,,Montpelier VT 05609 Shoshone 79584 ,,
17,17,,135.73,package,high,,,Houston TX 77005 Knutson 85 ,,
18,18,,58.94,package,medium,,,New York City NY 10039 Golf Course 71308 ,,
19,19,,9.56,envelope,medium,,,Des Moines IA 50936 Lakeland 7277 ,,
20,20,,377.67,package,high,,,Hayward CA 94544 Hazelcrest 53 ,,
21,21,,31.34,envelope,high,,,Anniston AL 36205 Pankratz 170 ,,
22,22,,203.48,envelope,high,,,Pasadena CA 91117 Delaware 3147 ,,
23,23,,343.88,envelope,medium,,,San Diego CA 92186 Dryden 94701 ,,
24,24,,258.94,envelope,low,,,Austin TX 78703 School 9 ,,
25,25,,41.77,envelope,high,,,Lima OH 45807 Stephen 833 ,,
26,26,,155.5,envelope,high,,,Temple TX 76505 Johnson 649 ,,
27,27,,100.82,package,high,,,Brooklyn NY 11220 Beilfuss 659 ,,
28,28,,355.82,package,high,,,Norwalk CT 06859 Thackeray 4 ,,
29,29,,238.01,envelope,medium,,,Troy MI 48098 Bartelt 1 ,,
30,30,,232.33,package,low,,,Tucson AZ 85743 Anniversary 67241 96,,
31,31,,48.39,envelope,low,,,Danbury CT 06816 Havey 4 ,,
32,32,,204.73,package,medium,,,Washington DC 20337 Lien 7434 ,,
33,33,,327,envelope,low,,,Saint Cloud MN 56398 Pennsylvania 534 ,,
34,34,,193.87,package,high,,,Raleigh NC 27658 Gale 32 ,,
35,35,,310.26,package,medium,,,Houston TX 77005 Victoria 4 ,,
36,36,,127.74,package,high,,,Washington DC 20530 Old Gate 1 ,,
37,37,,297.53,package,high,,,Pensacola FL 32526 Bluestem 11 ,,
38,38,,137.5,envelope,medium,,,Baton Rouge LA 70810 Tennyson 6733 ,,
39,39,,392.3,package,medium,,,Fresno CA 93778 Chive 429 ,,
40,40,,142.14,envelope,low,,,Garland TX 75049 North 5482 ,,
41,41,,128.95,package,low,,,Charlotte NC 28242 Hallows 6 ,,
42,42,,356.36,envelope,low,,,Orange CA 92867 Shoshone 0670 ,,
43,43,,330.89,package,medium,,,Shawnee Mission KS 66210 Monterey 93515 ,,
44,44,,52.6,envelope,low,,,Migrate KY 41905 Bonner 4913 ,,
45,45,,303.92,envelope,medium,,,Austin TX 78778 Talmadge 7 ,,
46,46,,221.69,envelope,low,,,Dallas TX 75310 Namekagon 6475 150,,
47,47,,165.4,package,medium,,,Pasadena TX 77505 Everett 39 ,,
48,48,,9.84,envelope,low,,,Milwaukee WI 53234 Mcguire 42938 ,,
49,49,,315.16,package,high,,,Washington DC 20220 Onsgard 620 ,,
50,50,,83.95,package,low,,,Columbia MO 65211 Prentice 11 ,,
51,51,,395.32,envelope,high,,,Greenville SC 29605 Bowman 54133 ,,
52,52,,127.1,envelope,high,,,Lexington KY 40586 Golf View 8 ,,
53,53,,291.67,package,high,,,Tulsa OK 74116 Farragut 3 ,,
54,54,,5.89,package,medium,,,Cincinnati OH 45271 Tennyson 957 ,,
55,55,,187.78,package,high,,,Columbus GA 31904 Mockingbird 5556 ,,
56,56,,91.89,envelope,low,,,Chattanooga TN 37405 Cardinal 65615 ,,
57,57,,352.01,package,high,,,Houston TX 77260 Hudson 62035 ,,
58,58,,297.73,envelope,medium,,,Paterson NJ 07522 Aberg 500 ,,
59,59,,72.83,envelope,low,,,Boulder CO 80328 Orin 562 ,,
60,60,,98.26,envelope,medium,,,Nashville TN 37215 East 495 ,,
61,61,,252.35,envelope,high,,,Austin TX 78721 Menomonie 8182 ,,
62,62,,80.7,package,medium,,,Durham NC 27717 Marquette 1 ,,
63,63,,148.26,package,high,,,Baton Rouge LA 70810 Forest 92 ,,
64,64,,16.04,envelope,low,,,Seattle WA 98104 Texas 6 ,,
65,65,,301.4,envelope,high,,,Memphis TN 38126 Moland 77 ,,
66,66,,354.49,envelope,medium,,,Shreveport LA 71115 Independence 01 ,,
67,67,,285.1,envelope,high,,,Charlottesville VA 22908 Union 0 ,,
68,68,,257.64,package,medium,,,Hot Springs National Park AR 71914 4th 3244 147,,
69,69,,375.58,package,low,,,San Diego CA 92191 Redwing 59 ,,
70,70,,68,package,low,,,Lawrenceville GA 30245 Longview 697 ,,
71,71,,273.74,envelope,low,,,Fort Worth TX 76178 Loftsgordon 874 ,,
72,72,,269.53,package,high,,,Lancaster CA 93584 Buhler 9 ,,
73,73,,88.24,envelope,low,,,Saint Petersburg FL 33731 Garrison 1125 ,,
74,74,,199.6,envelope,high,,,Washington DC 20430 Dexter 481 ,,
75,75,,41.86,package,medium,,,El Paso TX 88546 Goodland 43256 ,,
76,76,,279.08,package,medium,,,Springfield MA 01129 Northwestern 4 ,,
77,77,,8.96,envelope,low,,,Boston MA 02283 Oakridge 42600 73,,
78,78,,268.44,package,low,,,Dayton OH 45414 Corry 7 ,,
79,79,,140.55,package,high,,,Monroe LA 71213 Service 78 ,,
80,80,,71.38,package,low,,,Tuscaloosa AL 35487 Miller 039 ,,
81,81,,267.86,envelope,low,,,Washington DC 20546 Fieldstone 690 ,,
82,82,,361.41,package,medium,,,Battle Creek MI 49018 Sutteridge 8655 ,,
83,83,,297.59,envelope,low,,,Long Beach CA 90805 Leroy 4 ,,
84,84,,249.01,envelope,high,,,Durham NC 27710 Dayton 940 ,,
85,85,,133.23,package,high,,,Saint Cloud MN 56398 Mallard 4 ,,
86,86,,334.45,envelope,low,,,Huntington WV 25721 Crescent Oaks 537 ,,
87,87,,347.11,package,low,,,New Orleans LA 70149 Calypso 9936 ,,
88,88,,299.84,package,low,,,San Diego CA 92127 Oneill 981 ,,
89,89,,39.89,package,medium,,,Jacksonville FL 32244 Meadow Vale 95 ,,
90,90,,175.83,package,medium,,,Greensboro NC 27425 Rockefeller 6232 ,,
91,91,,323.48,package,high,,,Albany NY 12262 Orin 77319 296,,
92,92,,301.51,package,medium,,,Madison WI 53716 Barby 18718 ,,
93,93,,272.12,envelope,high,,,Memphis TN 38114 Hagan 31 ,,
94,94,,374.51,package,low,,,Tallahassee FL 32304 Utah 455 ,,
95,95,,93.98,package,low,,,Northridge CA 91328 Cody 9 ,,
96,96,,313.99,envelope,high,,,Salt Lake City UT 84199 Haas 63 ,,
97,97,,131.72,envelope,high,,,New York City NY 10060 Tennessee 90502 113,,
98,98,,386.77,package,medium,,,El Paso TX 88519 Ramsey 872 ,,
99,99,,208.77,package,high,,,Gadsden AL 35905 Butternut 92918 10,,
100,100,,15.38,envelope,high,,,Warren OH 44485 Reindahl 60416 ,,
101,101,,381.36,package,low,,,Nashville TN 37210 David 032 ,,
102,102,,187.28,package,high,,,Grand Rapids MI 49544 Lighthouse Bay 7 33,,
103,103,,105.58,envelope,medium,,,Dallas TX 75216 Darwin 22455 ,,
104,104,,319.74,envelope,high,,,Miami FL 33190 Mcguire 4925 ,,
105,105,,334.73,envelope,medium,,,Marietta GA 30061 Butterfield 38 ,,
106,106,,239.7,envelope,high,,,Kansas City MO 64101 South 931 ,,
107,107,,35.41,envelope,medium,,,Tampa FL 33686 Scott 52 ,,
108,108,,244.59,package,high,,,San Bernardino CA 92424 Gerald 83906 ,,
109,109,,98.59,envelope,low,,,Indianapolis IN 46231 Maple Wood 3382 ,,
110,110,,235,envelope,medium,,,Brooklyn NY 11210 Mariners Cove 705 128,,
111,111,,253.63,package,medium,,,Chattanooga TN 37410 Loftsgordon 1 ,,
112,112,,18.66,envelope,low,,,New Orleans LA 70129 Katie 1 ,,
113,113,,289.54,package,high,,,Jacksonville FL 32230 Paget 696 ,,
114,114,,135.38,package,medium,,,Springfield MA 01114 Mendota 26 ,,
115,115,,44.34,package,high,,,New Haven CT 06505 Eggendart 819 ,,
116,116,,74.13,package,high,,,Huntington WV 25716 Meadow Ridge 565 ,,
117,117,,62.66,envelope,medium,,,Trenton NJ 08608 Dixon 3 ,,
118,118,,8.93,package,low,,,Phoenix AZ 85067 Graedel 97546 ,,
119,119,,323.22,package,medium,,,Washington DC 20425 Blaine 77162 ,,
120,120,,227.03,envelope,high,,,Shawnee Mission KS 66225 Pepper Wood 87638 ,,
121,121,,6.24,package,high,,,Newport Beach CA 92662 Namekagon 415 ,,
122,122,,21.26,package,high,,,Orlando FL 32803 Anzinger 4364 ,,
123,123,,31.01,envelope,high,,,Daytona Beach FL 32128 Fremont 82 ,,
124,124,,49.76,envelope,medium,,,Columbia SC 29215 Rutledge 202 ,,
125,125,,335.73,envelope,high,,,Columbus OH 43210 Clyde Gallagher 57264 ,,
126,126,,114.55,envelope,high,,,New Orleans LA 70129 Prairie Rose 807 ,,
127,127,,129.84,envelope,low,,,San Jose CA 95128 Luster 3269 ,,
128,128,,225,package,low,,,Saint Paul MN 55103 Ramsey 8 ,,
129,129,,184.49,envelope,low,,,Denver CO 80270 Almo 131 ,,
130,130,,313.81,package,high,,,Bozeman MT 59771 Fordem 07284 ,,
131,131,,248.24,package,medium,,,Corpus Christi TX 78426 Summer Ridge 83 ,,
132,132,,66.47,package,medium,,,Muncie IN 47306 Eagan 48 ,,
133,133,,294.56,envelope,low,,,Little Rock AR 72222 High Crossing 54 ,,
134,134,,380.8,envelope,low,,,Washington DC 20310 Crescent Oaks 1775 ,,
135,135,,142.51,package,high,,,Chicago IL 60609 Donald 471 257,,
136,136,,359.12,package,low,,,Hartford CT 06152 Elgar 91232 ,,
137,137,,215.55,envelope,medium,,,Mobile AL 36610 Hoffman 7532 ,,
138,138,,158.24,envelope,medium,,,Laredo TX 78044 Farmco 372 12,,
139,139,,98.3,envelope,medium,,,Houston TX 77245 Blaine 9 ,,
140,140,,29.91,envelope,medium,,,Evansville IN 47725 Prairie Rose 39 ,,
141,141,,89.55,package,high,,,Des Moines IA 50369 School 90356 ,,
142,142,,332.39,package,medium,,,Sacramento CA 95823 Hagan 2087 29,,
143,143,,179.81,package,medium,,,Huntington WV 25770 Havey 587 ,,
144,144,,96.66,package,low,,,Fresno CA 93750 Burrows 32574 ,,
145,145,,374.52,package,high,,,Richmond VA 23272 Karstens 9628 ,,
146,146,,256.86,envelope,low,,,Maple Plain MN 55572 Blackbird 25363 ,,
147,147,,360.62,envelope,high,,,Savannah GA 31416 7th 8 ,,
148,148,,248.01,envelope,low,,,Abilene TX 79605 Anniversary 005 ,,
149,149,,242.1,envelope,medium,,,Waterbury CT 06721 Meadow Ridge 194 ,,
150,150,,74.07,package,low,,,Washington DC 20029 Center 3898 ,,
151,151,,327.7,envelope,low,,,Boise ID 83716 Schurz 56 ,,
152,152,,243.02,envelope,high,,,Jacksonville FL 32220 Old Shore 1226 ,,
153,153,,395.89,package,high,,,Austin TX 78737 Mariners Cove 50675 ,,
154,154,,235.56,package,high,,,New York City NY 10165 Buell 6 61,,
155,155,,244.39,envelope,high,,,Montgomery AL 36104 Forster 53 ,,
156,156,,196.66,package,medium,,,San Jose CA 95160 East 3500 ,,
157,157,,217.05,package,medium,,,Rochester NY 14619 Sherman 21646 ,,
158,158,,98.95,package,high,,,Baton Rouge LA 70820 Jackson 00101 ,,
159,159,,311.48,envelope,high,,,Sioux City IA 51110 Armistice 889 ,,
160,160,,325.01,package,low,,,Orange CA 92862 Washington 55 ,,
161,161,,266.81,envelope,low,,,Lynn MA 01905 Pepper Wood 5015 ,,
162,162,,61.29,package,high,,,Virginia Beach VA 23454 Morningstar 74 ,,
163,163,,336.33,envelope,medium,,,Springfield IL 62764 Brickson Park 5 ,,
164,164,,274.85,envelope,low,,,Washington DC 20580 Mallard 92 ,,
165,165,,18.29,envelope,low,,,Seattle WA 98148 Pankratz 034 ,,
166,166,,76.95,envelope,high,,,Louisville KY 40256 Fordem 57 84,,
167,167,,92.63,envelope,medium,,,Washington DC 20530 Corben 51028 ,,
168,168,,257.64,envelope,high,,,Northridge CA 91328 Quincy 8957 ,,
169,169,,252.42,package,low,,,El Paso TX 79994 John Wall 9813 ,,
170,170,,48.29,package,medium,,,Knoxville TN 37995 Merchant 1 ,,
171,171,,153.5,package,medium,,,Cincinnati OH 45233 Victoria 24154 ,,
172,172,,76.39,envelope,medium,,,Concord CA 94522 Glacier Hill 08146 167,,
173,173,,322.74,package,high,,,Yonkers NY 10705 Schlimgen 48647 ,,
174,174,,324.44,package,low,,,West Palm Beach FL 33421 Roth 726 ,,
175,175,,393.57,package,low,,,Dallas TX 75216 Pawling 101 ,,
176,176,,73.89,envelope,medium,,,Saint Louis MO 63180 John Wall 7 ,,
177,177,,163.33,package,low,,,New York City NY 10004 Moulton 0966 ,,
178,178,,388.35,package,high,,,Hampton VA 23663 Tomscot 0 ,,
179,179,,305.66,package,low,,,Idaho Falls ID 83405 Coleman 981 ,,
180,180,,333.41,package,low,,,Huntsville AL 35805 Barnett 4 ,,
181,181,,150.97,envelope,medium,,,Cleveland OH 44111 Mayfield 521 ,,
182,182,,26.96,envelope,medium,,,Brooklyn NY 11247 Leroy 7 33,,
183,183,,309.03,envelope,low,,,Lexington KY 40515 Heath 1402 ,,
184,184,,353.87,envelope,low,,,Young America MN 55573 Almo 07360 ,,
185,185,,262,package,medium,,,Aurora CO 80015 Dakota 6 ,,
186,186,,259.2,envelope,low,,,Washington DC 20310 Vahlen 58 ,,
187,187,,105.87,envelope,medium,,,Louisville KY 40225 Independence 931 ,,
188,188,,289.55,package,low,,,New York City NY 10029 Jenifer 425 ,,
189,189,,392.23,package,low,,,Cape Coral FL 33915 Holmberg 44866 ,,
190,190,,118.24,envelope,low,,,Minneapolis MN 55412 Clemons 15436 ,,
191,191,,13.88,envelope,medium,,,Durham NC 27705 Garrison 178 ,,
192,192,,59.42,package,high,,,Evansville IN 47712 Calypso 79 ,,
193,193,,235.94,envelope,medium,,,Brooklyn NY 11247 Bayside 2960 ,,
194,194,,250.67,envelope,medium,,,Gainesville FL 32605 Tomscot 04626 ,,
195,195,,301.43,package,medium,,,Charleston WV 25331 Canary 4855 ,,
196,196,,319.84,package,medium,,,Huntsville AL 35805 Carpenter 581 ,,
197,197,,334.79,package,low,,,Mesa AZ 85215 Fuller 4582 ,,
198,198,,343.61,envelope,medium,,,Fort Lauderdale FL 33320 Hoffman 4 ,,
199,199,,276.27,package,low,,,Tampa FL 33694 Barby 6511 ,,
200,200,,46.22,envelope,medium,,,Young America MN 55551 Sunfield 9 ,,
201,201,,228.46,envelope,low,,,Houston TX 77240 Shasta 02462 ,,
202,202,,386.27,envelope,high,,,Midland MI 48670 Kim 7 25,,
203,203,,2.9,package,high,,,Milwaukee WI 53285 Westerfield 31 ,,
204,204,,168.29,package,low,,,Tulsa OK 74133 6th 4 ,,
205,205,,292.5,package,medium,,,Miami FL 33261 Alpine 09 ,,
206,206,,7.06,envelope,low,,,Sacramento CA 95894 Calypso 884 ,,
207,207,,74.94,package,high,,,Pocatello ID 83206 Raven 31385 ,,
208,208,,342.94,envelope,high,,,Chico CA 95973 Scott 17544 ,,
209,209,,196.29,package,high,,,Colorado Springs CO 80925 Meadow Vale 2075 ,,
210,210,,364.53,package,medium,,,El Paso TX 88514 Jackson 21708 ,,
211,211,,36.93,package,medium,,,Jacksonville FL 32277 Westridge 52 ,,
212,212,,24.4,envelope,high,,,Dearborn MI 48126 Lyons 0487 ,,
213,213,,151.27,envelope,low,,,Santa Monica CA 90410 Anderson 4 ,,
214,214,,346.89,envelope,medium,,,Raleigh NC 27615 Helena 0 ,,
215,215,,198.38,envelope,high,,,Fort Wayne IN 46814 Stoughton 5 ,,
216,216,,343.48,envelope,low,,,Cleveland OH 44191 Holy Cross 37668 ,,
217,217,,333.58,envelope,high,,,Shreveport LA 71151 Mallard 68 ,,
218,218,,248.75,envelope,medium,,,Cincinnati OH 45249 Clyde Gallagher 7839 ,,
219,219,,90.33,package,high,,,Boca Raton FL 33432 Stuart 71 ,,
220,220,,161,envelope,low,,,Buffalo NY 14215 Esch 5 ,,
221,221,,18.06,envelope,low,,,El Paso TX 79905 Norway Maple 81 ,,
222,222,,270.55,envelope,medium,,,Young America MN 55564 Morningstar 470 ,,
223,223,,87.51,package,low,,,Baton Rouge LA 70883 Del Mar 8770 ,,
224,224,,25.01,package,high,,,Waterbury CT 06705 Vermont 28370 ,,
225,225,,318.12,package,high,,,Muncie IN 47306 Mccormick 98 ,,
226,226,,377.46,envelope,medium,,,Albany NY 12210 Hoard 6 ,,
227,227,,141.99,package,medium,,,Inglewood CA 90398 Dorton 93 ,,
228,228,,326.13,package,high,,,Worcester MA 01654 East 0 ,,
229,229,,71.67,package,high,,,Maple Plain MN 55579 Linden 86 ,,
230,230,,26.61,envelope,low,,,Colorado Springs CO 80930 Coleman 01 ,,
231,231,,355.76,package,medium,,,Columbus OH 43215 Waxwing 447 ,,
232,232,,356.65,package,medium,,,Hayward CA 94544 Anderson 7 ,,
233,233,,154.82,package,high,,,Independence MO 64054 Grim 8993 ,,
234,234,,390.24,package,high,,,New York City NY 10170 Delladonna 81 ,,
235,235,,246.47,package,medium,,,Garland TX 75049 Pierstorff 8 ,,
236,236,,82.18,envelope,high,,,Pueblo CO 81010 Bultman 942 ,,
237,237,,55.76,envelope,high,,,New Brunswick NJ 08922 Mcbride 27024 ,,
238,238,,229.15,envelope,high,,,Reno NV 89505 Grasskamp 3854 ,,
239,239,,16.44,package,high,,,Fort Wayne IN 46862 Continental 89 ,,
240,240,,270.58,package,low,,,Bronx NY 10464 Bay 3 76,,
241,241,,286.76,package,low,,,Oakland CA 94616 Anniversary 29 70,,
242,242,,233.36,envelope,high,,,Houston TX 77212 Kim 5 ,,
243,243,,17.2,package,medium,,,Washington DC 20420 Mcguire 36100 ,,
244,244,,37.25,envelope,low,,,Cleveland OH 44197 Talisman 4 ,,
245,245,,332.98,envelope,high,,,Cincinnati OH 45249 Bluejay 390 6,,
246,246,,115,envelope,medium,,,Roanoke VA 24029 Thierer 979 ,,
247,247,,256.16,envelope,low,,,Syracuse NY 13205 Loomis 0237 ,,
248,248,,336.74,envelope,low,,,Washington DC 20022 Fairfield 4854 ,,
249,249,,73.97,envelope,high,,,Fort Lauderdale FL 33330 Hallows 73686 ,,
250,250,,33.39,envelope,low,,,Savannah GA 31416 Kedzie 662 ,,
251,251,,107.75,envelope,medium,,,Fort Myers FL 33994 Waubesa 31326 ,,
252,252,,323.49,package,medium,,,Pinellas Park FL 34665 Londonderry 73445 ,,
253,253,,81.23,envelope,high,,,Lawrenceville GA 30245 High Crossing 10076 ,,
254,254,,96.48,envelope,medium,,,Mc Keesport PA 15134 Killdeer 4 ,,
255,255,,239.73,package,low,,,Battle Creek MI 49018 Cardinal 8 101,,
256,256,,104.5,package,low,,,Miami FL 33261 Petterle 91148 ,,
257,257,,109.13,package,medium,,,Albany NY 12222 Duke 81252 ,,
258,258,,97.72,envelope,low,,,Amarillo TX 79105 Eagle Crest 20 ,,
259,259,,276.03,envelope,high,,,Roanoke VA 24029 Spohn 42293 ,,
260,260,,328.22,package,medium,,,Portland OR 97211 Saint Paul 3 ,,
261,261,,280.47,envelope,high,,,Anderson SC 29625 Tomscot 2002 ,,
262,262,,292.74,package,high,,,Seattle WA 98133 Cottonwood 187 ,,
263,263,,145.91,package,medium,,,Cambridge MA 02142 Londonderry 3855 ,,
264,264,,228.16,envelope,low,,,Sacramento CA 94245 Straubel 405 ,,
265,265,,163.89,envelope,high,,,San Francisco CA 94116 Mesta 4 123,,
266,266,,323.97,envelope,high,,,Orlando FL 32825 Shasta 46293 ,,
267,267,,259.63,package,high,,,New York City NY 10184 Westport 5 ,,
268,268,,366.94,package,high,,,Sacramento CA 95894 Ridge Oak 2 ,,
269,269,,394.69,package,medium,,,Erie PA 16505 Grasskamp 976 ,,
270,270,,213.97,envelope,high,,,Decatur GA 30089 Graceland 96 ,,
271,271,,8.35,package,low,,,Lake Charles LA 70616 Stuart 24 ,,
272,272,,319.96,package,high,,,Pensacola FL 32526 Esch 917 71,,
273,273,,162.72,envelope,low,,,Reno NV 89519 Blue Bill Park 898 ,,
274,274,,161.58,package,high,,,Springfield VA 22156 Crownhardt 53 ,,
275,275,,180.5,envelope,low,,,Chicago IL 60697 Golf Course 7 ,,
276,276,,9.36,package,medium,,,Boulder CO 80310 Loftsgordon 06863 ,,
277,277,,260.41,envelope,high,,,Rochester NY 14619 Pennsylvania 13 ,,
278,278,,118.61,package,medium,,,Seattle WA 98175 Monument 2 ,,
279,279,,126.35,package,medium,,,Des Moines IA 50315 Cambridge 133 ,,
280,280,,353.36,envelope,medium,,,Kansas City MO 64193 Dorton 84 ,,
281,281,,109.32,envelope,low,,,Springfield IL 62705 Browning 14511 ,,
282,282,,37.46,envelope,high,,,Reno NV 89510 Mosinee 741 ,,
283,283,,281.47,package,high,,,Lynchburg VA 24503 Stone Corner 3822 ,,
284,284,,288.88,envelope,medium,,,Charlotte NC 28235 Karstens 7428 ,,
285,285,,180.23,envelope,medium,,,Washington DC 20540 Lien 5 ,,
286,286,,61.99,package,high,,,El Paso TX 79989 Packers 83546 ,,
287,287,,22.09,package,high,,,Chesapeake VA 23324 Delladonna 87 ,,
288,288,,138.26,package,low,,,Texarkana TX 75507 Daystar 9080 ,,
289,289,,262.43,envelope,high,,,Detroit MI 48242 Alpine 848 154,,
290,290,,35.9,envelope,high,,,Tampa FL 33625 Shasta 0811 ,,
291,291,,133.89,package,medium,,,Topeka KS 66611 Kropf 3879 ,,
292,292,,309,envelope,medium,,,Arlington TX 76011 Bartelt 29614 ,,
293,293,,370.64,package,high,,,Danbury CT 06816 Becker 924 ,,
294,294,,201.59,package,low,,,Honolulu HI 96850 Memorial 55869 ,,
295,295,,30.56,package,high,,,Albany NY 12255 Muir 3597 ,,
296,296,,364.53,envelope,medium,,,Kansas City MO 64130 Daystar 09 ,,
297,297,,263.08,envelope,high,,,Baltimore MD 21239 Dayton 7876 ,,
298,298,,389.12,package,low,,,Billings MT 59112 Elgar 1 ,,
299,299,,330.88,package,medium,,,Jersey City NJ 07305 Columbus 5 217,,
300,300,,308.25,package,low,,,Indianapolis IN 46221 Paget 84 215,,
301,301,,191.03,envelope,low,,,Charleston WV 25313 Jackson 297 26,,
302,302,,163.47,package,high,,,Elizabeth NJ 07208 Wayridge 55 ,,
303,303,,280.3,envelope,high,,,Columbia SC 29208 Golf View 8 ,,
304,304,,187,envelope,low,,,Houston TX 77010 Helena 39561 ,,
305,305,,335.27,envelope,medium,,,Macon GA 31217 Amoth 5429 ,,
306,306,,391.5,envelope,high,,,Youngstown OH 44505 Moose 85 ,,
307,307,,287.21,package,high,,,El Paso TX 79984 Warner 15 ,,
308,308,,159.23,package,high,,,Las Vegas NV 89166 Scoville 23368 ,,
309,309,,295.45,envelope,medium,,,Duluth GA 30195 Emmet 7 ,,
310,310,,149.1,envelope,high,,,Kansas City MO 64109 Sheridan 752 ,,
311,311,,397.89,envelope,low,,,Monroe LA 71208 Mendota 29 ,,
312,312,,62.3,package,medium,,,Naples FL 33961 Coolidge 0432 ,,
313,313,,190.57,envelope,medium,,,Lexington KY 40581 Green Ridge 4 ,,
314,314,,387.27,envelope,medium,,,Salem OR 97306 Eagan 0679 ,,
315,315,,286.51,package,low,,,Lancaster PA 17605 Butternut 283 ,,
316,316,,377.46,package,high,,,Peoria IL 61614 Fairview 9 ,,
317,317,,367.23,package,high,,,Charlotte NC 28263 Utah 8393 ,,
318,318,,27.59,envelope,high,,,Wilkes Barre PA 18768 Twin Pines 2269 ,,
319,319,,143.57,envelope,high,,,West Palm Beach FL 33416 Ronald Regan 9 ,,
320,320,,241.6,envelope,high,,,New York City NY 10203 Marcy 60 ,,
321,321,,271.92,package,high,,,Atlanta GA 30311 Loomis 59891 162,,
322,322,,26.2,envelope,low,,,Dallas TX 75231 Bay 709 ,,
323,323,,359.02,package,low,,,Philadelphia PA 19125 Dahle 3 ,,
324,324,,261.7,package,low,,,Van Nuys CA 91406 Aberg 6 ,,
325,325,,201.4,envelope,low,,,Hartford CT 06105 2nd 333 ,,
326,326,,331.02,package,medium,,,Atlanta GA 30316 Corben 0 ,,
327,327,,220.84,envelope,low,,,Scranton PA 18514 High Crossing 91 ,,
328,328,,119.93,envelope,medium,,,Washington DC 20566 Loomis 72732 79,,
329,329,,224.06,package,medium,,,Birmingham AL 35205 Kingsford 7850 ,,
330,330,,74.25,package,high,,,Des Moines IA 50330 Randy 97229 ,,
331,331,,389.64,envelope,high,,,Provo UT 84605 Northland 70 ,,
332,332,,68.91,package,low,,,Wichita KS 67260 Nevada 54 ,,
333,333,,232.54,envelope,low,,,Tacoma WA 98447 Mockingbird 7218 ,,
334,334,,146.94,envelope,low,,,Tampa FL 33610 West 8 93,,
335,335,,69.65,package,low,,,Flushing NY 11355 Bunting 299 112,,
336,336,,368.75,envelope,low,,,Madison WI 53716 Basil 9852 ,,
337,337,,317.68,package,high,,,Lexington KY 40581 Amoth 4962 ,,
338,338,,340.64,envelope,high,,,Roanoke VA 24004 Ridgeway 39141 134,,
339,339,,45.09,package,high,,,Harrisburg PA 17105 Eagan 063 ,,
340,340,,116.54,package,low,,,Dallas TX 75246 Scoville 022 ,,
341,341,,171.82,envelope,high,,,Houston TX 77030 Eagan 6478 ,,
342,342,,321.15,package,medium,,,Boston MA 02163 Elgar 12446 ,,
343,343,,239.97,package,high,,,Camden NJ 08104 Parkside 80 117,,
344,344,,348.48,package,high,,,Fresno CA 93786 Fairfield 67 ,,
345,345,,66.8,envelope,medium,,,Pensacola FL 32526 Jana 790 162,,
346,346,,331.93,package,medium,,,Duluth GA 30195 Marcy 942 ,,
347,347,,322.09,package,high,,,Hot Springs National Park AR 71914 Drewry 8632 247,,
348,348,,399.25,envelope,low,,,Prescott AZ 86305 Canary 97011 ,,
349,349,,8.53,envelope,medium,,,Boise ID 83711 Packers 97871 ,,
350,350,,87.85,envelope,medium,,,Odessa TX 79764 Almo 3 ,,
351,351,,145.38,package,high,,,Sioux City IA 51110 Portage 809 ,,
352,352,,370.17,envelope,low,,,Anchorage AK 99522 Karstens 566 ,,
353,353,,241.19,envelope,high,,,Philadelphia PA 19146 Kings 7 ,,
354,354,,359.99,envelope,high,,,Amarillo TX 79116 4th 585 ,,
355,355,,304.59,package,high,,,San Francisco CA 94177 Marcy 14 ,,
356,356,,147.93,envelope,low,,,Warren OH 44485 Morning 3030 ,,
357,357,,238.72,package,medium,,,Anchorage AK 99507 Washington 22342 ,,
358,358,,215.33,envelope,medium,,,Portland ME 04109 Merchant 7051 ,,
359,359,,347.99,package,medium,,,Hartford CT 06145 Thierer 72053 ,,
360,360,,89.7,envelope,medium,,,Oklahoma City OK 73179 Helena 996 ,,
361,361,,357.64,package,high,,,Shreveport LA 71115 Norway Maple 4381 ,,
362,362,,132.11,package,low,,,New York City NY 10029 Sheridan 2 ,,
363,363,,177.24,envelope,high,,,Las Vegas NV 89115 Northfield 03671 ,,
364,364,,74.62,envelope,medium,,,Schaumburg IL 60193 Longview 57 ,,
365,365,,252.11,envelope,high,,,Orlando FL 32830 Crest Line 25 ,,
366,366,,359.31,package,medium,,,Spring Hill FL 34611 American 27 176,,
367,367,,11.71,package,medium,,,Roanoke VA 24004 Garrison 84122 ,,
368,368,,60.12,package,low,,,Jamaica NY 11480 Jenifer 06508 ,,
369,369,,214.8,envelope,medium,,,Newport Beach CA 92662 Rowland 0488 150,,
370,370,,49.33,envelope,medium,,,San Jose CA 95113 Golf View 30366 ,,
371,371,,190.49,envelope,high,,,Seminole FL 34642 Becker 022 ,,
372,372,,170.71,package,high,,,Macon GA 31205 Sheridan 55 ,,
373,373,,269.03,envelope,high,,,Scottsdale AZ 85255 Wayridge 63 ,,
374,374,,44.63,package,high,,,Jacksonville FL 32244 Talisman 18 ,,
375,375,,23.3,package,medium,,,Columbus GA 31914 Jana 3543 ,,
376,376,,82.2,package,low,,,San Jose CA 95118 American 1621 ,,
377,377,,17.77,package,medium,,,Houston TX 77293 Shelley 7921 ,,
378,378,,240.97,envelope,high,,,Tampa FL 33633 Sachtjen 6 ,,
379,379,,161.64,envelope,high,,,Akron OH 44310 Debra 36 ,,
380,380,,275.56,package,medium,,,Hampton VA 23663 Glacier Hill 441 ,,
381,381,,343.8,package,low,,,Flushing NY 11355 Forest Run 1 ,,
382,382,,331.75,envelope,low,,,New York City NY 10029 Crest Line 040 ,,
383,383,,282.44,envelope,high,,,Tallahassee FL 32304 Spenser 97 ,,
384,384,,43.49,package,low,,,Wichita KS 67230 Northport 585 ,,
385,385,,97.66,package,low,,,Austin TX 78744 Stoughton 60 ,,
386,386,,54.86,package,low,,,Trenton NJ 08638 Bunting 231 ,,
387,387,,79.62,envelope,medium,,,Sioux City IA 51110 Farmco 48795 ,,
388,388,,346.42,envelope,low,,,Canton OH 44760 Northport 938 43,,
389,389,,245.61,envelope,medium,,,Richmond VA 23293 Logan 35 ,,
390,390,,226.01,envelope,low,,,Tampa FL 33625 Prentice 83568 ,,
391,391,,111.63,envelope,high,,,Toledo OH 43635 East 3 ,,
392,392,,106.92,package,high,,,Green Bay WI 54313 Morning 0813 248,,
393,393,,138.49,envelope,medium,,,College Station TX 77844 Portage 167 ,,
394,394,,337.26,package,high,,,Spokane WA 99260 Bonner 38 ,,
395,395,,365.02,package,medium,,,Sacramento CA 94280 Hallows 095 ,,
396,396,,247.31,package,low,,,Chicago IL 60636 Lukken 64 ,,
397,397,,152.15,package,high,,,Scottsdale AZ 85271 Algoma 16132 ,,
398,398,,381.85,envelope,low,,,Washington DC 20046 Sunfield 97909 161,,
399,399,,35.23,envelope,high,,,Anchorage AK 99599 Packers 36 28,,
400,400,,280.19,envelope,high,,,Albany NY 12232 Westerfield 9 ,,
401,401,,235.74,package,high,,,Long Beach CA 90847 Goodland 81 ,,
402,402,,149.18,envelope,low,,,Columbia SC 29208 Kensington 4 ,,
403,403,,166.11,envelope,low,,,Youngstown OH 44505 Helena 010 ,,
404,404,,64.83,package,medium,,,Sacramento CA 95818 Clyde Gallagher 227 73,,
405,405,,50.88,envelope,low,,,Fort Collins CO 80525 Ridgeview 7819 275,,
406,406,,236.23,package,low,,,Toledo OH 43635 Merchant 422 205,,
407,407,,3.94,envelope,medium,,,Shreveport LA 71161 Almo 1540 ,,
408,408,,33.51,envelope,low,,,Colorado Springs CO 80925 Thierer 68 300,,
409,409,,193.13,envelope,medium,,,Louisville KY 40287 Melrose 128 ,,
410,410,,187.51,package,medium,,,Ridgely MD 21684 Hoepker 88116 ,,
411,411,,304.3,envelope,medium,,,Winston Salem NC 27110 2nd 409 ,,
412,412,,44.04,envelope,medium,,,Hartford CT 06120 Eastwood 9178 ,,
413,413,,91.7,package,medium,,,Carlsbad CA 92013 Fallview 4939 ,,
414,414,,375.09,package,high,,,Tacoma WA 98447 Lakewood 17 ,,
415,415,,65.67,envelope,high,,,New York City NY 10170 Crest Line 389 ,,
416,416,,249.05,package,medium,,,Louisville KY 40298 Canary 9714 ,,
417,417,,358.24,envelope,low,,,Gainesville GA 30506 Magdeline 88 ,,
418,418,,208.65,package,low,,,Nashville TN 37210 Maywood 32832 ,,
419,419,,373.13,envelope,medium,,,Bakersfield CA 93386 Dwight 2 ,,
420,420,,312.38,envelope,medium,,,Alpharetta GA 30022 Ludington 21080 44,,
421,421,,23.18,envelope,medium,,,Beaverton OR 97075 Jenna 7123 ,,
422,422,,368.04,package,medium,,,Vancouver WA 98682 Killdeer 67 ,,
423,423,,281.76,package,medium,,,Arlington VA 22234 Clemons 800 ,,
424,424,,64,package,high,,,Spokane WA 99215 Starling 0393 ,,
425,425,,223.18,envelope,medium,,,Tyler TX 75705 Birchwood 7755 ,,
426,426,,15.06,package,medium,,,Fresno CA 93778 Surrey 0897 ,,
427,427,,390.24,package,low,,,Vero Beach FL 32964 Birchwood 3 ,,
428,428,,257.82,envelope,low,,,Reston VA 22096 Union 70 ,,
429,429,,293.59,package,low,,,Fort Worth TX 76121 Darwin 98095 ,,
430,430,,387.75,package,low,,,Washington DC 20397 Towne 65387 ,,
431,431,,2.57,package,high,,,Baton Rouge LA 70883 Trailsway 8 ,,
432,432,,387.27,package,low,,,El Paso TX 79994 Ludington 86575 ,,
433,433,,362.35,package,low,,,Fairfield CT 06825 Sheridan 12 ,,
434,434,,157.93,envelope,low,,,Springfield MA 01152 Aberg 9 ,,
435,435,,191.86,package,high,,,Reading PA 19610 Hoffman 837 62,,
436,436,,78.72,envelope,medium,,,Lincoln NE 68505 Carioca 93 ,,
437,437,,374.31,package,low,,,Buffalo NY 14220 Quincy 6 142,,
438,438,,178.32,package,high,,,New York City NY 10150 Monica 6 ,,
439,439,,196.5,envelope,medium,,,Salt Lake City UT 84125 Haas 0 ,,
440,440,,41.8,envelope,low,,,Corona CA 92883 Evergreen 72 ,,
441,441,,280.77,envelope,low,,,San Antonio TX 78210 Mosinee 2 ,,
442,442,,245.69,package,low,,,Portland OR 97286 Shelley 3 ,,
443,443,,157.94,package,high,,,Memphis TN 38181 Lukken 5328 ,,
444,444,,192.22,package,high,,,Miami FL 33233 Green Ridge 9241 ,,
445,445,,354.91,envelope,low,,,Birmingham AL 35279 Veith 0 ,,
446,446,,49.49,envelope,low,,,Stockton CA 95205 Harbort 7 ,,
447,447,,361.22,package,low,,,New York City NY 10014 David 75662 ,,
448,448,,312.95,package,medium,,,Chattanooga TN 37405 Pankratz 5019 98,,
449,449,,253.67,package,low,,,Birmingham AL 35290 Dottie 81674 ,,
450,450,,167.63,package,medium,,,Bradenton FL 34205 Bowman 6547 ,,
451,451,,274.73,package,low,,,Moreno Valley CA 92555 Kropf 711 ,,
452,452,,276.6,envelope,high,,,New York City NY 10165 Nelson 2 224,,
453,453,,77.14,package,low,,,Phoenix AZ 85020 Little Fleur 1 ,,
454,454,,228.99,envelope,high,,,Wichita KS 67236 Esker 77 218,,
455,455,,304.24,envelope,medium,,,Seattle WA 98140 Maryland 522 ,,
456,456,,308.97,envelope,low,,,Shreveport LA 71166 Huxley 18 ,,
457,457,,182.44,package,low,,,Beaumont TX 77713 Jana 762 ,,
458,458,,80.46,package,low,,,Edmond OK 73034 Scofield 1652 29,,
459,459,,74.96,package,medium,,,New Orleans LA 70179 Cardinal 24245 ,,
460,460,,174.92,envelope,high,,,Harrisburg PA 17105 Gateway 1428 ,,
461,461,,82.85,envelope,low,,,Toledo OH 43635 Sachtjen 74 ,,
462,462,,371.78,package,medium,,,Rochester NY 14604 South 4 ,,
463,463,,333.06,package,low,,,New Orleans LA 70179 Portage 213 ,,
464,464,,278.28,package,low,,,Fayetteville NC 28305 Utah 5 ,,
465,465,,386.32,package,medium,,,Rochester MN 55905 Del Sol 5644 ,,
466,466,,204.09,envelope,high,,,Bonita Springs FL 34135 Hermina 44 ,,
467,467,,224.25,package,low,,,Van Nuys CA 91406 Corben 91 ,,
468,468,,216.02,envelope,medium,,,Tulsa OK 74184 Raven 46 ,,
469,469,,91.89,envelope,medium,,,Trenton NJ 08695 Eagan 41378 ,,
470,470,,351.25,envelope,high,,,Lincoln NE 68510 Hauk 7 ,,
471,471,,375.43,envelope,low,,,Duluth MN 55811 Mitchell 152 141,,
472,472,,129.8,envelope,high,,,Daytona Beach FL 32118 Anthes 87426 267,,
473,473,,167.03,package,high,,,Arlington VA 22225 Drewry 91 ,,
474,474,,388.04,package,low,,,Akron OH 44329 Pierstorff 988 ,,
475,475,,18.14,package,low,,,Orlando FL 32868 Jay 1 ,,
476,476,,22.77,envelope,medium,,,Oklahoma City OK 73124 Eastwood 817 ,,
477,477,,265.57,envelope,medium,,,Austin TX 78715 Troy 528 287,,
478,478,,385.66,envelope,medium,,,Newark DE 19725 Linden 2923 ,,
479,479,,322.5,package,medium,,,Cleveland OH 44177 Brickson Park 65573 ,,
480,480,,103.53,package,medium,,,Pittsburgh PA 15220 Dexter 12362 ,,
481,481,,355.98,envelope,medium,,,Albany NY 12237 Fallview 0 ,,
482,482,,28.04,package,medium,,,Duluth GA 30195 Hanover 4 ,,
483,483,,97.39,envelope,high,,,Philadelphia PA 19172 Pond 8 ,,
484,484,,270.72,envelope,low,,,Austin TX 78778 Mitchell 63 ,,
485,485,,144.48,envelope,medium,,,New York City NY 10175 Sullivan 5844 187,,
486,486,,263.73,package,low,,,San Francisco CA 94169 Hanover 691 113,,
487,487,,285.75,envelope,medium,,,Minneapolis MN 55428 Melvin 5 ,,
488,488,,122.92,package,low,,,New Orleans LA 70116 Oakridge 4405 289,,
489,489,,358.8,package,high,,,Washington DC 20566 Sutteridge 6823 ,,
490,490,,85.11,package,high,,,Milwaukee WI 53215 Eagle Crest 98009 ,,
491,491,,398.87,package,low,,,Fort Myers FL 33906 Stuart 7206 ,,
492,492,,74,envelope,low,,,Sacramento CA 95818 Havey 06435 ,,
493,493,,134.35,envelope,low,,,Duluth GA 30195 Donald 2 ,,
494,494,,189.55,envelope,low,,,Santa Fe NM 87505 Vahlen 92379 ,,
495,495,,380.5,package,low,,,El Paso TX 88569 Helena 4 ,,
496,496,,384.73,package,high,,,Sacramento CA 94280 American Ash 44 ,,
497,497,,36.28,envelope,high,,,Woburn MA 01813 Clemons 4 ,,
498,498,,395.03,envelope,high,,,Montgomery AL 36195 Ryan 03 ,,
499,499,,21.28,package,low,,,Charlottesville VA 22908 Grasskamp 58 ,,
500,500,,316.66,package,low,,,Fort Worth TX 76129 Miller 6 222,,
501,501,,329.76,package,high,,,Portland OR 97240 Bay 53205 ,,
502,502,,189.18,package,high,,,Washington DC 20041 Mayer 947 ,,
503,503,,163.54,envelope,medium,,,Delray Beach FL 33448 David 65 ,,
504,504,,153.63,package,medium,,,Decatur IL 62525 Steensland 38398 ,,
505,505,,398.35,envelope,medium,,,San Francisco CA 94164 Kings 2099 ,,
506,506,,389.55,package,low,,,Tulsa OK 74133 Basil 62 ,,
507,507,,267.77,envelope,low,,,Terre Haute IN 47812 Duke 844 ,,
508,508,,124.41,envelope,medium,,,Denver CO 80262 Anzinger 27 ,,
509,509,,175.34,package,medium,,,Dearborn MI 48126 Blue Bill Park 341 ,,
510,510,,220.7,envelope,low,,,Syracuse NY 13210 Schmedeman 11 ,,
511,511,,270.28,envelope,high,,,Juneau AK 99812 Merchant 754 ,,
512,512,,87.58,package,medium,,,San Diego CA 92176 Fair Oaks 78 241,,
513,513,,76.05,envelope,high,,,Flint MI 48550 Gulseth 11103 ,,
514,514,,126.13,envelope,medium,,,Des Moines IA 50305 Dakota 897 ,,
515,515,,396.9,package,medium,,,Boston MA 02203 Briar Crest 22137 ,,
516,516,,242.62,envelope,low,,,Irvine CA 92710 Kensington 20 ,,
517,517,,336.84,envelope,high,,,Washington DC 20557 Mallard 373 261,,
518,518,,295.66,package,high,,,Charleston SC 29424 Judy 963 ,,
519,519,,357.06,envelope,high,,,Washington DC 20041 Prairie Rose 737 ,,
520,520,,161.82,envelope,low,,,Rochester NY 14652 2nd 85 261,,
521,521,,347.87,envelope,high,,,Shawnee Mission KS 66286 Manley 12851 ,,
522,522,,185.7,package,medium,,,Spokane WA 99220 Mitchell 72 ,,
523,523,,246.31,envelope,medium,,,Saint Cloud MN 56372 Forest Run 22 ,,
524,524,,133.2,package,high,,,Louisville KY 40233 Huxley 69857 ,,
525,525,,278.51,envelope,high,,,Washington DC 20425 Corscot 77844 107,,
526,526,,386.3,package,medium,,,Charlottesville VA 22903 Lighthouse Bay 265 18,,
527,527,,31.71,envelope,high,,,Phoenix AZ 85045 Pawling 2539 ,,
528,528,,249.72,package,high,,,Nashville TN 37220 Laurel 50 ,,
529,529,,74.36,package,high,,,Toledo OH 43615 Dapin 684 ,,
530,530,,102.7,package,high,,,Denton TX 76205 Fordem 942 70,,
531,531,,322.26,envelope,medium,,,San Francisco CA 94164 Kedzie 25566 ,,
532,532,,197.79,package,medium,,,Pittsburgh PA 15240 Spenser 0810 ,,
533,533,,189.86,package,low,,,Seattle WA 98133 Moose 5 ,,
534,534,,308.53,package,low,,,Largo FL 33777 Golf View 843 ,,
535,535,,386.52,envelope,high,,,Evanston IL 60208 Grover 222 ,,
536,536,,193.79,package,high,,,Miami FL 33283 Mandrake 498 ,,
537,537,,292.69,package,high,,,Albany NY 12210 Randy 37 ,,
538,538,,280.61,package,low,,,San Bernardino CA 92415 Memorial 0 ,,
539,539,,280.54,package,low,,,Los Angeles CA 90076 Graceland 91 ,,
540,540,,178.7,envelope,high,,,Shreveport LA 71161 Thierer 3 ,,
541,541,,169.89,envelope,high,,,Houston TX 77055 Tony 62048 ,,
542,542,,209.68,package,high,,,Jacksonville FL 32244 Redwing 5 ,,
543,543,,89.64,envelope,low,,,Springfield IL 62776 Thackeray 6 ,,
544,544,,96.22,package,low,,,Dallas TX 75236 Jay 62 ,,
545,545,,394.89,package,low,,,Albany NY 12227 Badeau 8717 ,,
546,546,,154.3,package,medium,,,Wichita KS 67220 Hauk 94205 ,,
547,547,,398.09,package,low,,,Jacksonville FL 32255 Killdeer 23 ,,
548,548,,185.91,package,medium,,,Springfield MA 01152 Pankratz 54 ,,
549,549,,145.01,package,medium,,,Worcester MA 01610 Blaine 7638 ,,
550,550,,105.55,envelope,low,,,Louisville KY 40293 Carpenter 9374 ,,
551,551,,168.03,envelope,high,,,Lansing MI 48919 La Follette 01 ,,
552,552,,285.95,package,high,,,Lexington KY 40546 Continental 43 ,,
553,553,,8.36,package,high,,,Waco TX 76796 Roxbury 4 ,,
554,554,,307.82,envelope,medium,,,Fort Myers FL 33913 Garrison 247 ,,
555,555,,27.01,package,low,,,Huntington WV 25705 Esker 07313 ,,
556,556,,175.96,envelope,high,,,New York City NY 10115 Bunker Hill 70 ,,
557,557,,154.73,envelope,low,,,Wilkes Barre PA 18768 Fulton 37 ,,
558,558,,115.17,package,medium,,,Syracuse NY 13251 Scott 1 ,,
559,559,,99.6,envelope,medium,,,Muncie IN 47306 Petterle 685 ,,
560,560,,232.41,package,low,,,Columbus MS 39705 Tony 7572 ,,
561,561,,82.79,package,low,,,Sioux Falls SD 57105 Stuart 2460 ,,
562,562,,230.35,envelope,medium,,,Reno NV 89510 Oak Valley 74366 ,,
563,563,,94.55,envelope,low,,,Springfield IL 62776 Eagle Crest 96042 ,,
564,564,,125.04,package,low,,,Pittsburgh PA 15225 Evergreen 653 254,,
565,565,,273.21,package,medium,,,Pasadena CA 91131 Spenser 1 ,,
566,566,,218.86,package,high,,,Portland OR 97286 Westport 89 ,,
567,567,,299.53,package,medium,,,Des Moines IA 50305 Crescent Oaks 9 245,,
568,568,,72.6,package,high,,,Houston TX 77288 Menomonie 20699 ,,
569,569,,32.41,envelope,medium,,,Roanoke VA 24014 Esker 57 ,,
570,570,,378.52,envelope,medium,,,Chicago IL 60657 Menomonie 2813 ,,
571,571,,205.29,package,low,,,North Hollywood CA 91606 Havey 9471 ,,
572,572,,263.09,envelope,high,,,San Diego CA 92170 Namekagon 978 ,,
573,573,,39.44,package,medium,,,Chattanooga TN 37410 Burning Wood 8 ,,
574,574,,128.48,envelope,high,,,Scottsdale AZ 85260 Clove 6479 ,,
575,575,,294.49,envelope,medium,,,Johnson City TN 37605 Magdeline 39 ,,
576,576,,14.72,envelope,low,,,Denver CO 80223 Sachtjen 64 ,,
577,577,,136.34,package,low,,,Washington DC 20470 Badeau 42 ,,
578,578,,195.7,package,medium,,,Houston TX 77245 Esch 156 ,,
579,579,,352.68,envelope,low,,,El Paso TX 79977 Elka 36 ,,
580,580,,1.82,envelope,low,,,Colorado Springs CO 80910 Park Meadow 244 ,,
581,581,,325.12,envelope,medium,,,Austin TX 78703 Mesta 172 ,,
582,582,,186.04,envelope,low,,,Newport News VA 23612 Magdeline 7520 ,,
583,583,,323.61,envelope,high,,,Los Angeles CA 90060 Crownhardt 29 249,,
584,584,,265.97,package,medium,,,Trenton NJ 08608 Carioca 7 ,,
585,585,,359.06,envelope,high,,,Memphis TN 38136 Manufacturers 3708 ,,
586,586,,182.08,package,low,,,El Paso TX 79905 Marcy 47 ,,
587,587,,152.39,envelope,low,,,Lake Charles LA 70607 Dixon 38842 ,,
588,588,,124.56,package,low,,,Reading PA 19605 Buell 7 ,,
589,589,,353.88,package,high,,,Myrtle Beach SC 29579 Sunfield 4716 ,,
590,590,,173.52,package,high,,,San Francisco CA 94116 Pawling 874 ,,
591,591,,68.77,package,medium,,,Tucson AZ 85743 Northview 2 ,,
592,592,,14.01,envelope,high,,,Las Vegas NV 89178 Summit 5 ,,
593,593,,373.62,envelope,low,,,San Diego CA 92110 Fuller 87624 ,,
594,594,,42.03,package,low,,,Palmdale CA 93591 Northland 215 ,,
595,595,,364.35,envelope,low,,,Newport News VA 23612 5th 86 ,,
596,596,,316.12,package,medium,,,Rochester NY 14604 Bellgrove 44397 ,,
597,597,,392.19,envelope,high,,,Trenton NJ 08695 Rowland 02 ,,
598,598,,76.27,envelope,high,,,Duluth GA 30096 Bobwhite 8 262,,
599,599,,123.05,envelope,high,,,Birmingham AL 35231 Meadow Ridge 82 ,,
600,600,,348.7,envelope,high,,,Fresno CA 93786 Kingsford 6749 ,,
601,601,,121.54,envelope,high,,,San Diego CA 92191 Sunfield 315 ,,
602,602,,280,package,high,,,Seattle WA 98195 Merry 985 ,,
603,603,,335.29,envelope,high,,,Omaha NE 68105 Nancy 3 ,,
604,604,,102.13,package,low,,,Bakersfield CA 93311 Southridge 4 224,,
605,605,,157.48,package,low,,,North Port FL 34290 Warbler 6 ,,
606,606,,42.76,package,low,,,Port Saint Lucie FL 34985 Roxbury 4089 ,,
607,607,,70.68,envelope,high,,,Detroit MI 48224 Del Mar 31123 ,,
608,608,,103.22,envelope,high,,,Tacoma WA 98405 Orin 277 ,,
609,609,,251.47,envelope,low,,,Oakland CA 94616 Sunfield 1 ,,
610,610,,100.52,envelope,low,,,Corpus Christi TX 78405 Golf View 3 ,,
611,611,,34.47,package,high,,,San Jose CA 95173 Manley 1 ,,
612,612,,374.16,envelope,high,,,Alexandria VA 22333 5th 83628 ,,
613,613,,67.13,envelope,low,,,Miami FL 33147 Armistice 7330 ,,
614,614,,8.37,envelope,low,,,Hattiesburg MS 39404 Vernon 3 ,,
615,615,,20.6,package,low,,,Oklahoma City OK 73124 Darwin 0001 ,,
616,616,,141.67,envelope,medium,,,Sacramento CA 94273 Brentwood 4 ,,
617,617,,45.97,package,high,,,Boston MA 02104 Claremont 52452 ,,
618,618,,62.15,envelope,low,,,Schenectady NY 12305 School 90 ,,
619,619,,131.04,package,high,,,Vancouver WA 98682 Lyons 15 ,,
620,620,,87.96,envelope,medium,,,Santa Ana CA 92725 Trailsway 3 ,,
621,621,,77.9,package,medium,,,Fort Lauderdale FL 33315 Moose 5 ,,
622,622,,215.13,package,high,,,Omaha NE 68197 Dexter 980 ,,
623,623,,261.82,envelope,medium,,,Washington DC 20062 Little Fleur 4 ,,
624,624,,160.27,envelope,medium,,,Palo Alto CA 94302 Eastlawn 0318 ,,
625,625,,100.02,envelope,medium,,,Houston TX 77266 Cascade 68 ,,
626,626,,240.7,envelope,medium,,,North Little Rock AR 72118 Sundown 71020 ,,
627,627,,159.46,package,high,,,Brooklyn NY 11247 Pleasure 41192 ,,
628,628,,175.15,envelope,high,,,Fort Wayne IN 46805 Elmside 493 ,,
629,629,,175.32,envelope,high,,,Bakersfield CA 93386 Evergreen 91315 ,,
630,630,,168.36,package,high,,,Jacksonville FL 32225 Leroy 377 ,,
631,631,,343.16,package,high,,,San Antonio TX 78210 Crownhardt 2041 181,,
632,632,,196.96,package,low,,,Herndon VA 22070 Commercial 0 ,,
633,633,,191.43,package,high,,,Boise ID 83757 Kennedy 93151 284,,
634,634,,186.61,envelope,high,,,Washington DC 20010 South 995 ,,
635,635,,171.03,envelope,low,,,Houston TX 77255 Pine View 48 ,,
636,636,,286.51,package,high,,,North Hollywood CA 91606 Trailsway 089 175,,
637,637,,81.85,envelope,medium,,,Woburn MA 01813 Warbler 58 ,,
638,638,,295.95,package,high,,,Pasadena CA 91117 Nova 123 ,,
639,639,,249.03,envelope,medium,,,Wilkes Barre PA 18763 Elmside 09574 77,,
640,640,,302.52,package,high,,,Berkeley CA 94712 Main 6119 ,,
641,641,,146.03,package,medium,,,Chico CA 95973 Kennedy 3176 ,,
642,642,,206.92,package,low,,,Kissimmee FL 34745 Petterle 902 ,,
643,643,,22.83,envelope,high,,,New York City NY 10060 Hagan 332 ,,
644,644,,389.96,package,low,,,Worcester MA 01605 Sommers 49 ,,
645,645,,100.57,envelope,low,,,Burbank CA 91520 Moland 95237 ,,
646,646,,359.79,package,medium,,,Knoxville TN 37914 Grover 1 ,,
647,647,,83.83,envelope,medium,,,Seattle WA 98158 Shelley 14571 ,,
648,648,,324.33,envelope,medium,,,Dallas TX 75251 Di Loreto 99125 ,,
649,649,,273.33,package,low,,,Elizabeth NJ 07208 Boyd 71 ,,
650,650,,36.25,envelope,low,,,Tulsa OK 74108 Dennis 18488 ,,
651,651,,214.03,envelope,high,,,Santa Fe NM 87505 Kingsford 6 ,,
652,652,,227.17,envelope,medium,,,Washington DC 20310 Spohn 430 ,,
653,653,,380.23,package,low,,,Saint Louis MO 63180 Texas 43865 ,,
654,654,,149.63,envelope,low,,,Delray Beach FL 33448 Longview 5029 ,,
655,655,,65.65,package,medium,,,Pasadena TX 77505 Waywood 7194 ,,
656,656,,11.73,package,low,,,Jacksonville FL 32215 Delaware 672 ,,
657,657,,155.97,envelope,low,,,Riverside CA 92505 Evergreen 2090 ,,
658,658,,206.05,package,low,,,Springfield MO 65810 Scoville 36 ,,
659,659,,58.44,package,low,,,Denver CO 80291 Blue Bill Park 6 ,,
660,660,,118.31,envelope,high,,,Modesto CA 95354 Mccormick 30 ,,
661,661,,95.79,package,high,,,Valdosta GA 31605 Almo 6 ,,
662,662,,29.86,package,low,,,Anniston AL 36205 Lawn 55375 ,,
663,663,,86.37,envelope,low,,,Norfolk VA 23551 Elgar 0186 ,,
664,664,,357.33,package,low,,,Fort Lauderdale FL 33305 Becker 69494 ,,
665,665,,102.2,envelope,low,,,Lafayette LA 70593 Oriole 07 ,,
666,666,,382.75,envelope,low,,,Birmingham AL 35263 Merrick 7 ,,
667,667,,371.96,envelope,low,,,Dallas TX 75379 Rockefeller 08822 ,,
668,668,,293.11,envelope,high,,,Boca Raton FL 33432 Rigney 6157 ,,
669,669,,389.45,package,low,,,El Paso TX 88541 Banding 40 ,,
670,670,,238.76,package,low,,,Humble TX 77346 Mariners Cove 5 258,,
671,671,,84.53,package,high,,,Tulsa OK 74193 Fairview 24 12,,
672,672,,219.76,package,low,,,Boca Raton FL 33499 South 3 ,,
673,673,,211.58,envelope,high,,,Washington DC 20503 Luster 90737 249,,
674,674,,368.68,package,low,,,Minneapolis MN 55480 Harper 53033 ,,
675,675,,115.94,envelope,medium,,,Saint Louis MO 63143 Logan 2710 ,,
676,676,,360.35,envelope,low,,,Detroit MI 48206 Sutteridge 8 ,,
677,677,,327.71,envelope,medium,,,Greenville SC 29615 Morrow 8 ,,
678,678,,95.15,envelope,medium,,,Hartford CT 06105 Bluejay 740 ,,
679,679,,92.01,envelope,high,,,Laurel MD 20709 Mendota 25893 ,,
680,680,,380.66,package,medium,,,Charlotte NC 28284 Hanson 231 ,,
681,681,,23.65,package,low,,,Albuquerque NM 87190 Muir 8 ,,
682,682,,2.59,package,high,,,Huntington WV 25709 Butterfield 91 ,,
683,683,,157.85,envelope,medium,,,Kansas City MO 64144 Nova 18446 ,,
684,684,,172.46,envelope,high,,,Sioux City IA 51105 Hudson 21190 ,,
685,685,,112.53,envelope,high,,,Inglewood CA 90398 Spaight 1 ,,
686,686,,201.36,envelope,medium,,,Huntington WV 25716 Pankratz 4067 ,,
687,687,,366.16,envelope,low,,,El Paso TX 88574 Dixon 0 ,,
688,688,,287.78,package,medium,,,Orlando FL 32885 Knutson 061 ,,
689,689,,273.88,envelope,medium,,,San Diego CA 92196 Marcy 38 ,,
690,690,,291.61,package,medium,,,San Francisco CA 94132 Kensington 6 ,,
691,691,,160.56,package,low,,,Falls Church VA 22047 Morrow 690 ,,
692,692,,184.09,package,low,,,Littleton CO 80161 Grover 6 ,,
693,693,,365.74,package,low,,,Washington DC 20397 Nevada 457 ,,
694,694,,187.11,package,medium,,,Washington DC 20430 Macpherson 0 ,,
695,695,,270.31,package,medium,,,Herndon VA 22070 Corry 2 ,,
696,696,,163.93,package,medium,,,Washington DC 20414 Thierer 433 ,,
697,697,,229.14,package,high,,,Indianapolis IN 46221 Charing Cross 7384 ,,
698,698,,75.08,envelope,medium,,,Lakewood WA 98498 Bunting 21 ,,
699,699,,266.3,envelope,medium,,,Murfreesboro TN 37131 Blackbird 18793 253,,
700,700,,318.09,envelope,high,,,San Jose CA 95138 Florence 2612 ,,
701,701,,194.95,package,medium,,,Terre Haute IN 47812 Surrey 6092 ,,
702,702,,351.32,envelope,high,,,Saint Paul MN 55115 Ryan 5362 ,,
703,703,,339.93,package,low,,,Baton Rouge LA 70805 Carey 2 ,,
704,704,,134.84,envelope,high,,,Arlington VA 22225 Armistice 902 114,,
705,705,,59.48,package,low,,,Camden NJ 08104 Butterfield 22608 ,,
706,706,,338.04,package,high,,,Gatesville TX 76598 Dottie 19 136,,
707,707,,340.66,package,low,,,Minneapolis MN 55448 Clemons 22 ,,
708,708,,135.82,envelope,low,,,Denver CO 80228 Aberg 5534 ,,
709,709,,159.92,envelope,high,,,Madison WI 53705 New Castle 72933 21,,
710,710,,321.33,package,low,,,Dallas TX 75353 Montana 125 ,,
711,711,,323.72,envelope,high,,,Atlanta GA 31132 Chive 006 ,,
712,712,,128.33,package,medium,,,Austin TX 78769 American 350 ,,
713,713,,194.92,envelope,low,,,Atlanta GA 31119 Sauthoff 23700 ,,
714,714,,254.3,package,high,,,Fort Lauderdale FL 33336 Transport 8 ,,
715,715,,81.05,package,high,,,Wilkes Barre PA 18706 Monica 0492 ,,
716,716,,91.19,package,low,,,North Las Vegas NV 89036 Blackbird 8158 ,,
717,717,,166.57,package,high,,,Tacoma WA 98447 Fallview 4 ,,
718,718,,74.94,envelope,high,,,Houston TX 77240 Forest Dale 75 ,,
719,719,,33.07,envelope,low,,,Washington DC 20337 Pierstorff 92534 ,,
720,720,,216.99,package,medium,,,Bloomington IN 47405 Lake View 1033 ,,
721,721,,307.02,package,medium,,,Asheville NC 28805 Forster 864 ,,
722,722,,192.46,envelope,medium,,,Scottsdale AZ 85260 Luster 929 ,,
723,723,,396.91,package,low,,,Pittsburgh PA 15210 Blaine 75 ,,
724,724,,109.01,package,low,,,Columbus OH 43284 Anzinger 8 280,,
725,725,,232.33,envelope,low,,,Grand Rapids MI 49560 Merry 77641 ,,
726,726,,163.52,package,high,,,Washington DC 20409 Spenser 214 ,,
727,727,,7.61,envelope,medium,,,Salt Lake City UT 84125 Crescent Oaks 9 ,,
728,728,,273.96,package,low,,,Waterbury CT 06726 Dryden 756 ,,
729,729,,286.67,envelope,high,,,Long Beach CA 90847 Brown 89452 ,,
730,730,,189.97,package,low,,,Charlotte NC 28230 Waxwing 756 288,,
731,731,,158.56,envelope,low,,,Washington DC 20566 Becker 4 ,,
732,732,,15.69,package,high,,,Midland MI 48670 Kenwood 4195 ,,
733,733,,102.61,package,low,,,Washington DC 20503 Coolidge 9447 ,,
734,734,,352.4,package,medium,,,Newark DE 19725 Weeping Birch 22 ,,
735,735,,256.29,package,low,,,Philadelphia PA 19109 Lukken 124 246,,
736,736,,5.49,package,high,,,Gastonia NC 28055 Arizona 564 ,,
737,737,,356.67,package,medium,,,Sarasota FL 34238 Vernon 99539 ,,
738,738,,90.5,envelope,high,,,Amarillo TX 79159 American 65348 ,,
739,739,,384.02,package,high,,,San Jose CA 95128 Hanover 17 ,,
740,740,,60.53,package,low,,,Nashville TN 37245 Summer Ridge 1689 ,,
741,741,,368.25,package,low,,,Katy TX 77493 Hazelcrest 92 ,,
742,742,,64.26,envelope,medium,,,Columbus OH 43220 Miller 90250 ,,
743,743,,68.14,package,low,,,Inglewood CA 90398 Jenna 64456 ,,
744,744,,365.05,package,medium,,,Colorado Springs CO 80920 Ridgeview 73 ,,
745,745,,257.9,package,high,,,Albuquerque NM 87121 Pankratz 11439 ,,
746,746,,32.58,package,low,,,Oklahoma City OK 73129 Fisk 1 ,,
747,747,,284.13,package,low,,,Flint MI 48505 Bluestem 13 ,,
748,748,,106.01,envelope,high,,,Salt Lake City UT 84170 Barnett 358 ,,
749,749,,378.94,envelope,medium,,,Albuquerque NM 87115 Kingsford 8820 ,,
750,750,,323.61,envelope,high,,,Chattanooga TN 37410 Stephen 089 ,,
751,751,,316.81,envelope,medium,,,Oklahoma City OK 73119 Judy 258 ,,
752,752,,258.3,envelope,low,,,Arlington VA 22234 Anniversary 5 ,,
753,753,,123.04,envelope,medium,,,El Paso TX 88558 Iowa 4 ,,
754,754,,15.9,package,medium,,,Cincinnati OH 45243 Declaration 0 ,,
755,755,,350.86,package,low,,,Colorado Springs CO 80910 Express 009 ,,
756,756,,209.08,envelope,high,,,Phoenix AZ 85040 Northwestern 587 ,,
757,757,,328.42,envelope,low,,,Hialeah FL 33018 Little Fleur 27426 ,,
758,758,,101.34,package,medium,,,Charleston WV 25326 Carey 1816 ,,
759,759,,218.36,package,low,,,Jacksonville FL 32220 Barby 9 ,,
760,760,,143.81,envelope,low,,,Fresno CA 93721 Fieldstone 718 ,,
761,761,,386.51,package,low,,,Chicago IL 60636 Northwestern 395 ,,
762,762,,206.79,envelope,low,,,Tyler TX 75710 Maywood 6894 ,,
763,763,,359.78,package,high,,,Long Beach CA 90840 International 4 ,,
764,764,,348.66,envelope,high,,,Johnstown PA 15906 Montana 95472 ,,
765,765,,255.14,envelope,low,,,Tacoma WA 98411 Crownhardt 98 ,,
766,766,,44.9,envelope,high,,,Santa Monica CA 90405 Moland 0 ,,
767,767,,110.05,envelope,low,,,Visalia CA 93291 Vernon 3918 ,,
768,768,,104.09,envelope,high,,,El Paso TX 79934 Homewood 9 ,,
769,769,,352.19,package,low,,,Trenton NJ 08695 Carberry 567 ,,
770,770,,356.03,envelope,high,,,Springfield IL 62718 John Wall 81 ,,
771,771,,91.73,envelope,high,,,Los Angeles CA 90040 Nova 559 ,,
772,772,,226.36,package,high,,,Homestead FL 33034 Porter 7 ,,
773,773,,110.82,package,medium,,,Evanston IL 60208 Logan 9 ,,
774,774,,214.34,package,high,,,Toledo OH 43656 Canary 396 ,,
775,775,,237.69,envelope,medium,,,Naples FL 33963 Lerdahl 537 ,,
776,776,,359.25,package,high,,,Waterbury CT 06726 Buell 30008 ,,
777,777,,77.89,package,medium,,,El Paso TX 79950 Muir 3488 ,,
778,778,,119.16,package,high,,,Lincoln NE 68524 Esch 78863 150,,
779,779,,304.35,envelope,high,,,Tulsa OK 74133 Towne 5 ,,
780,780,,80.19,package,medium,,,Clearwater FL 34629 Memorial 5853 ,,
781,781,,262.17,envelope,low,,,Savannah GA 31416 Bayside 721 ,,
782,782,,307.55,package,high,,,Grand Rapids MI 49560 Carpenter 748 ,,
783,783,,75.21,package,high,,,Kansas City MO 64187 Sloan 366 ,,
784,784,,74.14,package,medium,,,Washington DC 20591 Buena Vista 91581 ,,
785,785,,90.72,envelope,high,,,Washington DC 20231 Ryan 80 ,,
786,786,,168.53,package,low,,,Jacksonville FL 32209 Kinsman 307 ,,
787,787,,269.08,package,high,,,Jefferson City MO 65105 Jenna 049 ,,
788,788,,238.84,package,low,,,Schaumburg IL 60193 Mallard 6542 ,,
789,789,,334.76,envelope,medium,,,Lawrenceville GA 30245 Toban 009 ,,
790,790,,287.08,envelope,medium,,,Waco TX 76711 Sachtjen 5987 77,,
791,791,,143.86,envelope,low,,,Louisville KY 40298 Colorado 624 ,,
792,792,,200.1,package,medium,,,Fayetteville NC 28314 Carioca 453 ,,
793,793,,83.33,package,medium,,,Huntington WV 25705 Dapin 56570 ,,
794,794,,174.27,envelope,low,,,Prescott AZ 86305 Waywood 69 ,,
795,795,,281.62,package,high,,,Dearborn MI 48126 Beilfuss 7021 ,,
796,796,,156.67,package,high,,,Pompano Beach FL 33075 Lillian 7428 13,,
797,797,,381.3,package,medium,,,Murfreesboro TN 37131 Springview 60 ,,
798,798,,5.29,envelope,high,,,San Bernardino CA 92410 Hudson 436 ,,
799,799,,222.97,envelope,high,,,Young America MN 55551 Sherman 9 ,,
800,800,,149.05,envelope,high,,,Saint Augustine FL 32092 Crowley 5406 ,,
801,801,,166.73,envelope,low,,,Saint Paul MN 55114 Longview 109 ,,
802,802,,356.31,envelope,medium,,,Springfield IL 62705 High Crossing 78 ,,
803,803,,234.14,package,high,,,Toledo OH 43656 Esch 717 ,,
804,804,,57.53,package,low,,,Boulder CO 80305 Warner 190 ,,
805,805,,219.15,envelope,low,,,Saint Petersburg FL 33705 Coleman 7 ,,
806,806,,341.7,envelope,high,,,Chicago IL 60691 Heath 3562 57,,
807,807,,374.96,package,high,,,Salinas CA 93907 Sullivan 7334 ,,
808,808,,149.16,envelope,high,,,Killeen TX 76544 Alpine 51952 ,,
809,809,,231.95,envelope,low,,,Fullerton CA 92640 Waxwing 67 ,,
810,810,,333.8,package,medium,,,Pasadena CA 91117 Alpine 37343 ,,
811,811,,9.01,envelope,high,,,Minneapolis MN 55428 Ridgeway 75414 ,,
812,812,,134.74,package,high,,,Salt Lake City UT 84125 Knutson 9457 ,,
813,813,,174.5,package,medium,,,San Antonio TX 78225 Veith 68401 ,,
814,814,,321.67,package,high,,,Huntington WV 25775 Mayer 9073 ,,
815,815,,344.59,package,high,,,Salt Lake City UT 84140 Chive 678 14,,
816,816,,244.16,package,low,,,Memphis TN 38188 Scofield 42157 ,,
817,817,,265.88,envelope,medium,,,Houston TX 77055 Cordelia 09376 ,,
818,818,,170.12,package,medium,,,North Port FL 34290 Schurz 740 ,,
819,819,,1.27,package,high,,,Lexington KY 40546 4th 5 222,,
820,820,,3.1,package,high,,,Boston MA 02124 Spenser 16816 ,,
821,821,,151.69,package,medium,,,Columbus OH 43268 Meadow Vale 24203 ,,
822,822,,2.58,package,medium,,,Alexandria VA 22313 Marcy 5687 ,,
823,823,,186.79,package,high,,,Troy MI 48098 Fordem 938 ,,
824,824,,337.59,package,high,,,Grand Rapids MI 49505 Redwing 39873 ,,
825,825,,63.09,envelope,high,,,Huntington WV 25709 Briar Crest 13382 ,,
826,826,,314.89,package,medium,,,Charlotte NC 28247 Clarendon 64 49,,
827,827,,224.77,envelope,medium,,,Honolulu HI 96810 Petterle 96 ,,
828,828,,249.28,package,medium,,,Mesa AZ 85215 Oak Valley 687 ,,
829,829,,168.04,package,high,,,Minneapolis MN 55458 Bobwhite 7 ,,
830,830,,146.76,package,medium,,,Honolulu HI 96815 Morning 79961 ,,
831,831,,140.43,envelope,high,,,Annapolis MD 21405 Village 958 ,,
832,832,,145.29,package,high,,,Portland OR 97296 Clemons 60 ,,
833,833,,260.79,envelope,high,,,Fort Worth TX 76198 Ridgeview 51 ,,
834,834,,198.78,envelope,medium,,,El Paso TX 88546 Bobwhite 5 203,,
835,835,,70.08,package,medium,,,Kalamazoo MI 49006 Glendale 98 ,,
836,836,,299.47,envelope,high,,,Montgomery AL 36119 Laurel 674 ,,
837,837,,196.13,envelope,medium,,,Washington DC 20067 Fisk 8295 ,,
838,838,,178.25,package,medium,,,Des Moines IA 50310 Badeau 93271 ,,
839,839,,106.96,envelope,high,,,New York City NY 10045 Waubesa 47543 ,,
840,840,,356.73,package,medium,,,North Las Vegas NV 89087 Sunbrook 535 ,,
841,841,,26.72,package,low,,,Chicago IL 60697 Almo 50715 ,,
842,842,,221.86,envelope,low,,,Fairfax VA 22036 Mayer 799 ,,
843,843,,254.2,envelope,low,,,Hartford CT 06152 Brickson Park 07235 ,,
844,844,,269,package,low,,,Stamford CT 06905 Charing Cross 4 ,,
845,845,,333.19,envelope,low,,,Amarillo TX 79182 Mendota 43645 ,,
846,846,,347.12,envelope,low,,,Fort Worth TX 76129 Prentice 16319 ,,
847,847,,334.35,package,low,,,San Antonio TX 78230 Northwestern 4 ,,
848,848,,94.22,package,low,,,Atlanta GA 30375 Gina 55 ,,
849,849,,72.78,envelope,high,,,Corpus Christi TX 78415 Cottonwood 37737 ,,
850,850,,63.43,package,high,,,Tucson AZ 85732 Forest Dale 3685 ,,
851,851,,16.78,envelope,high,,,Fort Worth TX 76192 Commercial 441 169,,
852,852,,27.71,envelope,low,,,Houston TX 77218 Florence 6149 ,,
853,853,,97.74,package,medium,,,Charleston SC 29416 Brickson Park 81 ,,
854,854,,237.08,package,medium,,,Abilene TX 79699 Village 1 ,,
855,855,,374.52,envelope,high,,,El Paso TX 88535 Kingsford 29 ,,
856,856,,296.39,package,medium,,,Cumming GA 30130 Monica 97224 ,,
857,857,,387.32,envelope,low,,,Baltimore MD 21290 Autumn Leaf 75 ,,
858,858,,70.84,package,low,,,Sandy UT 84093 Stone Corner 5994 ,,
859,859,,111.5,package,high,,,Seattle WA 98104 Daystar 57 ,,
860,860,,264.73,envelope,high,,,Memphis TN 38188 Bay 7 ,,
861,861,,66.83,envelope,low,,,Allentown PA 18105 Michigan 9614 ,,
862,862,,394.71,envelope,medium,,,Winston Salem NC 27105 Riverside 50029 ,,
863,863,,316.23,package,high,,,Salt Lake City UT 84199 Dottie 1 ,,
864,864,,57.58,package,low,,,Shreveport LA 71151 Granby 783 ,,
865,865,,88.25,package,low,,,Sioux City IA 51110 Morning 3764 ,,
866,866,,242.02,package,high,,,New Orleans LA 70149 Cascade 5 ,,
867,867,,272.68,envelope,high,,,Erie PA 16505 Vidon 46 ,,
868,868,,312.41,package,low,,,Orlando FL 32854 Northwestern 68 ,,
869,869,,221.93,envelope,medium,,,Miami FL 33196 Moose 34747 ,,
870,870,,62.79,envelope,low,,,Cincinnati OH 45233 Ramsey 19 ,,
871,871,,297.7,package,low,,,Brooklyn NY 11254 Clove 5 ,,
872,872,,279.25,package,high,,,Watertown MA 02472 Debs 35 ,,
873,873,,204.54,package,medium,,,Jamaica NY 11436 Helena 8237 ,,
874,874,,380.86,package,high,,,Spring Hill FL 34611 Schiller 901 ,,
875,875,,258.31,package,medium,,,Northridge CA 91328 Kingsford 8978 ,,
876,876,,289.41,package,medium,,,Los Angeles CA 90030 Reindahl 1592 ,,
877,877,,318.87,package,high,,,Boise ID 83711 Eagan 10725 ,,
878,878,,284.46,envelope,medium,,,Atlanta GA 31106 Bunker Hill 73759 ,,
879,879,,6.8,package,medium,,,Atlanta GA 30358 Lake View 059 282,,
880,880,,351.66,package,medium,,,Irving TX 75062 Straubel 9 ,,
881,881,,178.73,package,high,,,Portland OR 97296 Dottie 79 ,,
882,882,,96.71,envelope,low,,,Kalamazoo MI 49006 Southridge 8586 ,,
883,883,,137.54,envelope,high,,,Saint Paul MN 55172 Spenser 8 ,,
884,884,,63.2,package,medium,,,Mesquite TX 75185 Mitchell 13975 ,,
885,885,,178.91,package,high,,,Las Vegas NV 89166 Hollow Ridge 7306 ,,
886,886,,290.19,envelope,high,,,Amarillo TX 79116 Blackbird 60499 ,,
887,887,,61.62,package,high,,,Akron OH 44310 Bluestem 4 ,,
888,888,,146.79,envelope,medium,,,Independence MO 64054 Oneill 9660 ,,
889,889,,173.18,envelope,low,,,Memphis TN 38143 Lotheville 7961 ,,
890,890,,360.26,package,medium,,,Memphis TN 38114 Golf View 899 ,,
891,891,,188.42,envelope,low,,,Zephyrhills FL 33543 Milwaukee 6 ,,
892,892,,390.76,package,medium,,,Akron OH 44315 La Follette 579 ,,
893,893,,91.47,package,high,,,Young America MN 55573 4th 6 ,,
894,894,,238.55,envelope,low,,,Alexandria VA 22333 1st 01463 180,,
895,895,,133.47,envelope,low,,,Washington DC 20231 Oak 41 ,,
896,896,,70.41,envelope,medium,,,Salt Lake City UT 84130 Loeprich 3094 ,,
897,897,,68.19,package,medium,,,Orlando FL 32825 Lighthouse Bay 73 ,,
898,898,,399.17,package,medium,,,Fort Worth TX 76129 Twin Pines 4 ,,
899,899,,287.88,envelope,medium,,,Detroit MI 48206 Dorton 943 ,,
900,900,,20.16,envelope,high,,,Los Angeles CA 90055 Thierer 88 ,,
901,901,,121.92,package,medium,,,Saint Petersburg FL 33742 Blackbird 1419 ,,
902,902,,306.77,package,low,,,Buffalo NY 14225 Kropf 13 ,,
903,903,,85.68,package,medium,,,Portland OR 97229 Dapin 9746 ,,
904,904,,73.48,package,medium,,,Worcester MA 01654 Toban 98939 ,,
905,905,,95.74,package,high,,,Lubbock TX 79410 Erie 14326 ,,
906,906,,392.84,envelope,medium,,,Las Vegas NV 89155 Northwestern 3 ,,
907,907,,51.14,package,low,,,Naples FL 34114 Mesta 95323 ,,
908,908,,354.85,envelope,high,,,Cincinnati OH 45999 Jenna 2325 ,,
909,909,,325.33,package,medium,,,Lexington KY 40546 Magdeline 167 ,,
910,910,,182.94,package,medium,,,Decatur IL 62525 New Castle 1 ,,
911,911,,379.89,envelope,high,,,Fresno CA 93721 Thackeray 1 ,,
912,912,,133.77,envelope,high,,,Brooklyn NY 11215 Hudson 04558 133,,
913,913,,209.18,package,medium,,,New York City NY 10120 Fallview 34 ,,
914,914,,38.8,envelope,low,,,Oakland CA 94616 Claremont 9631 ,,
915,915,,191.65,package,high,,,Phoenix AZ 85020 Harper 119 296,,
916,916,,29.63,package,high,,,Youngstown OH 44555 Mcbride 9585 211,,
917,917,,142.76,package,high,,,Knoxville TN 37931 Carpenter 23 ,,
918,918,,264.67,envelope,low,,,Fresno CA 93709 Orin 23 ,,
919,919,,327.69,envelope,high,,,Atlanta GA 30323 Fairfield 6333 185,,
920,920,,153.16,envelope,high,,,Jamaica NY 11436 Carberry 6 161,,
921,921,,157.53,envelope,medium,,,Scottsdale AZ 85260 Fallview 327 93,,
922,922,,394.3,envelope,high,,,Shawnee Mission KS 66225 Glendale 9433 ,,
923,923,,241.74,envelope,low,,,Beaumont TX 77713 Michigan 0 281,,
924,924,,370.31,envelope,high,,,Portland OR 97206 Trailsway 53 ,,
925,925,,82.08,package,low,,,Salt Lake City UT 84199 Brickson Park 8155 ,,
926,926,,122.78,envelope,medium,,,Salt Lake City UT 84125 Portage 470 281,,
927,927,,312.67,envelope,high,,,Stamford CT 06905 Hovde 09738 ,,
928,928,,376.49,package,medium,,,Fullerton CA 92640 Tennyson 56 ,,
929,929,,141.57,package,medium,,,Chicago IL 60609 Springview 13325 ,,
930,930,,148.44,package,high,,,Portland OR 97206 Bartillon 3638 ,,
931,931,,80.77,package,low,,,El Paso TX 79968 Glendale 9 ,,
932,932,,374.56,envelope,medium,,,Birmingham AL 35290 Scofield 616 ,,
933,933,,337.48,package,low,,,Sacramento CA 94286 Merry 855 ,,
934,934,,170.62,package,high,,,Miami FL 33153 Mifflin 721 ,,
935,935,,272.79,envelope,high,,,Largo FL 34643 Mayfield 58 ,,
936,936,,17.3,package,medium,,,Kissimmee FL 34745 Iowa 29696 ,,
937,937,,114.61,package,medium,,,Chicago IL 60646 Anderson 737 ,,
938,938,,300.66,package,low,,,Memphis TN 38131 Grasskamp 4 ,,
939,939,,275.26,envelope,high,,,Dallas TX 75372 West 072 ,,
940,940,,162.82,envelope,medium,,,Waterbury CT 06721 Ridge Oak 105 ,,
941,941,,326.52,envelope,high,,,High Point NC 27264 Karstens 38445 ,,
942,942,,340.94,envelope,low,,,Omaha NE 68134 Dapin 6633 ,,
943,943,,394.55,package,low,,,Port Charlotte FL 33954 Oriole 9992 ,,
944,944,,339.65,envelope,low,,,Pittsburgh PA 15250 Coleman 077 ,,
945,945,,381.88,package,high,,,Alexandria VA 22333 Stang 56 ,,
946,946,,209.07,package,medium,,,Concord CA 94522 Waywood 473 ,,
947,947,,303.08,envelope,medium,,,Tucson AZ 85732 Alpine 529 298,,
948,948,,287.23,envelope,high,,,Virginia Beach VA 23459 Pine View 45834 ,,
949,949,,1.84,envelope,medium,,,Lancaster PA 17622 Mendota 898 ,,
950,950,,235.2,package,medium,,,Phoenix AZ 85067 Darwin 9094 ,,
951,951,,178.63,package,medium,,,Sacramento CA 94273 Parkside 18 ,,
952,952,,247.71,envelope,low,,,San Jose CA 95133 Meadow Valley 44 ,,
953,953,,107.34,envelope,medium,,,Cumming GA 30130 Duke 70420 ,,
954,954,,88.98,package,medium,,,Albany GA 31704 Sloan 9 ,,
955,955,,74.13,package,high,,,El Paso TX 79905 Garrison 09 ,,
956,956,,104,envelope,low,,,Corpus Christi TX 78465 Golf Course 5126 ,,
957,957,,324.22,package,high,,,Louisville KY 40293 Pond 0429 ,,
958,958,,255.73,package,low,,,Lubbock TX 79405 Judy 581 ,,
959,959,,284.51,package,low,,,Houston TX 77266 Lake View 8 ,,
960,960,,351.14,envelope,medium,,,Oklahoma City OK 73142 Golf Course 3195 101,,
961,961,,253.34,package,medium,,,Mesquite TX 75185 Thierer 3822 ,,
962,962,,394.59,envelope,high,,,Springfield MA 01129 Coolidge 46 ,,
963,963,,88.72,package,high,,,Columbus GA 31904 Basil 12891 ,,
964,964,,338.72,envelope,medium,,,Sacramento CA 95813 Blue Bill Park 07 ,,
965,965,,380.8,envelope,high,,,New Orleans LA 70187 Atwood 4762 ,,
966,966,,311.85,package,high,,,Louisville KY 40220 Cody 1 ,,
967,967,,58.42,envelope,medium,,,Naples FL 34108 Bluejay 586 ,,
968,968,,69.81,envelope,high,,,Pasadena CA 91131 Mockingbird 79 ,,
969,969,,393.28,envelope,low,,,Kansas City MO 64101 Nevada 7427 76,,
970,970,,260.81,envelope,low,,,Chicago IL 60691 Bonner 88 ,,
971,971,,150.24,envelope,high,,,Norfolk VA 23504 Northridge 54 ,,
972,972,,108.69,package,high,,,Dallas TX 75323 Barnett 2 ,,
973,973,,389.42,envelope,low,,,Philadelphia PA 19184 Merrick 77093 ,,
974,974,,235.33,package,high,,,Fort Worth TX 76162 Weeping Birch 4594 ,,
975,975,,207.21,package,low,,,Tyler TX 75710 Fisk 6 105,,
976,976,,83.89,envelope,medium,,,Bonita Springs FL 34135 Summit 351 ,,
977,977,,99.05,envelope,low,,,Suffolk VA 23436 Fisk 796 ,,
978,978,,184.23,package,high,,,Pittsburgh PA 15220 Grayhawk 73 ,,
979,979,,233.24,package,medium,,,Wichita KS 67260 Basil 03 181,,
980,980,,241.76,envelope,low,,,Roanoke VA 24048 Lillian 2 ,,
981,981,,4.74,envelope,low,,,Greensboro NC 27415 Arapahoe 76 ,,
982,982,,111.33,envelope,high,,,Flushing NY 11388 Sutherland 94 99,,
983,983,,347.89,package,medium,,,Young America MN 55557 Lerdahl 27 ,,
984,984,,98.52,envelope,medium,,,Vero Beach FL 32964 Bluejay 45933 ,,
985,985,,356.59,package,high,,,Albany NY 12237 Emmet 14 ,,
986,986,,329.74,package,medium,,,Fresno CA 93704 Pine View 3 ,,
987,987,,263.39,envelope,medium,,,Houston TX 77030 Mallard 64074 ,,
988,988,,350.35,envelope,medium,,,Ocala FL 34474 Village Green 9 246,,
989,989,,260.14,package,high,,,Green Bay WI 54305 Florence 63 ,,
990,990,,17.17,package,medium,,,Sioux Falls SD 57188 Loomis 42691 ,,
991,991,,76.94,envelope,medium,,,Erie PA 16550 Farragut 819 ,,
992,992,,47.59,envelope,low,,,Richmond VA 23260 Northwestern 01697 ,,
993,993,,18.51,package,low,,,Buffalo NY 14205 Waubesa 52 ,,
994,994,,3.62,envelope,low,,,Houston TX 77025 Melrose 45 ,,
995,995,,72.58,envelope,medium,,,Tacoma WA 98417 Onsgard 90615 26,,
996,996,,327.75,package,low,,,Johnstown PA 15906 Nevada 455 ,,
997,997,,265.85,package,low,,,San Antonio TX 78278 Bowman 8241 ,,
998,998,,260.11,envelope,medium,,,Madison WI 53716 Fair Oaks 35467 ,,
999,999,,260,envelope,high,,,Kansas City MO 64149 Anderson 667 ,,
1000,1000,,185.54,envelope,low,,,Austin TX 78737 Buell 4961 ,,
